Redirect from,Redirect to
/faqs/hoe-installeer-ik-akupanelen,/pages/faqs
/faqs/hoe-installeer-ik-bamboepanelen,/pages/faqs
/faqs/hoe-installeer-ik-de-profielen,/pages/faqs
/faqs/hoe-kies-ik-het-juiste-hoek-of-tussenprofiel,/pages/faqs
/faqs/hoe-lang-blijft-de-kit-goed-na-opening,/pages/faqs
/faqs/hoe-lang-duurt-het-voordat-de-hightack-montagekit-volledig-is-uitgehard,/pages/faqs
/faqs/hoe-lang-heb-ik-garantie-op-mijn-bamboepanelen,/pages/faqs
/faqs/hoe-verschilt-eenzijdig-van-driezijdig,/pages/faqs
/faqs/hoeveel-kit-heb-ik-nodig-voor-een-project,/pages/faqs
/faqs/how-do-i-choose-the-right-corner-or-intermediate-profile,/pages/faqs
/faqs/how-do-i-file-a-warranty-claim,/pages/faqs
/faqs/kan-ik-akupanelen-gebruiken-in-vochtige-ruimtes-zoals-badkamers,/pages/faqs
/faqs/kan-ik-de-hightack-montagekit-gebruiken-voor-buiten,/pages/faqs
/faqs/kan-ik-een-samplebox-bestellen-bamboepanelen,/pages/faqs
/faqs/wat-is-het-verschil-tussen-akupanelen-en-standaard-houten-wandpanelen,/pages/faqs
/faqs/wat-moet-ik-doen-als-mijn-bestelling-beschadigd-is-geleverd,/pages/faqs
/faqs/welke-soorten-profielen-zijn-er-beschikbaar,/pages/faqs
/faqs/what-colors-are-available,/pages/faqs
/faqs/zijn-bamboepanelen-brandveilig,/pages/faqs
/faqs/zijn-de-accessoires-ook-duurzaam,/pages/faqs
/product/end-profiles,/products/eindprofielen
/product/eenzijdig,/products/eenzijdig
/product/tussenprofielen,/products/tussenprofielen
/product/602-hout-wood-classic,/products/602-hout-wood-classic
/product/spiegel,/collections/wandpanelen
/product/822-japanse-stof-japandi-makka,/collections/japandi
/category/akupanelen,/collections/akupanelen
/category/actie,/collections/actie
/category/accessoires,/collections/accessoires
/category/samples,/pages/sample
/category/samples/page/6,/pages/sample
/category/samples/bamboepanelen-samples/page/5,/pages/sample
/kleur/japandi-taupe-dark,/collections/japandi
/kleur/japandi-makka,/collections/japandi
/kleur/637-armani-limestone-grey-en,/collections/wandpanelen
/kleur/656-jade-grey-en,/collections/wandpanelen
/kleur/692-mirror-gold,/collections/wandpanelen
/kleur/brons-en,/collections/wandpanelen
/formaat/280cm-x-110cm,/collections/wandpanelen
/afwerking/stomp,/collections/wandpanelen
/algemene-voorwaarden,/pages/algemene-voorwaarden
/uitgevoerde-projecten,/blogs/nieuws
/inspiratie,/blogs/nieuws
/inspiratie/inspiratie-2,/blogs/nieuws
/inspiratie/inspiration,/blogs/nieuws
/kantoorruimte-in-japanse-stijl-japansestof-wandpanelen-akupanelen-puredeco,/blogs/nieuws/kantoorruimte-in-japanse-stijl-japansestof-wandpanelen-akupanelen-puredeco
/keukenwand-met-luxe-marmerlook-wandpaneel,/blogs/nieuws/inspiratie-showcase-keukenwand-met-luxe-marmerlook-wandpaneel-pandora-slate-glans
